Ball,Number
first,11
first,14
first,18
first,6
first,5
first,21
first,6
first,1
first,18
first,11
first,2
first,23
first,14
first,13
first,7
first,4
first,51
first,2
first,8
first,28
first,3
first,11
first,17
first,4
first,27
first,6
first,10
first,3
first,3
first,1
first,14
first,4
first,14
first,40
first,5
first,17
first,1
first,5
first,1
first,15
first,20
first,1
first,4
first,4
first,2
first,21
first,11
first,17
first,5
first,34
first,1
first,4
first,6
first,3
first,1
first,27
first,14
first,13
first,10
first,21
first,22
first,8
first,11
first,10
first,16
first,27
first,15
first,1
first,5
first,8
first,19
first,13
first,5
first,2
first,2
first,7
first,6
first,7
first,5
first,16
first,13
first,27
first,14
first,3
first,16
first,15
first,9
first,15
first,10
first,7
first,2
first,10
first,1
first,1
first,13
first,38
first,2
first,18
first,8
first,39
first,12
first,7
first,13
first,2
first,1
first,1
first,4
first,10
first,22
first,2
first,8
first,33
first,7
first,5
first,2
first,15
first,9
first,4
first,7
first,18
first,24
first,8
first,25
first,10
first,16
first,14
first,35
first,23
first,12
first,9
first,2
first,11
first,20
first,39
first,3
first,2
first,1
first,49
first,20
first,2
first,19
first,14
first,3
first,24
first,18
first,8
first,15
first,15
first,28
first,7
first,14
first,23
first,14
first,15
first,3
first,19
first,3
first,5
first,14
first,1
first,12
first,5
first,6
first,4
first,15
first,37
first,1
first,14
first,11
first,6
first,11
first,4
first,14
first,9
first,5
first,12
first,18
first,10
first,35
first,8
first,3
first,14
first,1
first,22
first,5
first,19
first,13
first,7
first,4
first,40
first,13
first,1
first,3
first,4
first,8
first,5
first,9
first,17
first,6
first,3
first,1
first,7
first,2
first,7
first,6
first,1
first,6
first,5
first,2
first,6
first,3
first,1
first,4
first,12
first,15
first,16
first,21
first,16
first,24
first,10
first,30
first,18
first,5
first,6
first,1
first,21
first,4
first,27
first,29
first,2
first,1
first,5
first,10
first,2
first,8
first,23
first,5
first,14
first,7
first,6
first,3
first,8
first,12
first,5
first,21
first,15
first,8
first,4
first,14
first,9
first,10
first,4
first,11
first,7
first,6
first,7
first,5
first,26
first,15
first,7
first,8
first,3
first,16
first,3
first,11
first,8
first,1
first,41
first,9
first,1
first,24
first,4
first,2
first,6
first,3
first,6
first,11
first,25
first,20
first,1
first,24
first,12
first,5
first,10
first,3
first,5
first,22
first,2
first,9
first,1
first,22
first,19
first,1
first,4
first,3
first,7
first,16
first,4
first,9
first,13
first,6
first,23
first,23
first,17
first,1
first,20
first,3
first,17
first,22
first,11
first,14
first,5
first,20
first,17
first,40
first,9
first,17
first,16
first,2
first,8
first,8
first,6
first,10
first,3
first,22
first,6
first,43
first,6
first,13
first,12
first,24
first,7
first,13
first,37
first,1
first,23
first,15
first,4
first,17
first,5
first,26
first,3
first,14
first,7
first,12
first,2
first,28
first,3
first,1
first,1
first,9
first,2
first,25
first,19
first,28
first,24
first,8
first,35
first,17
first,23
first,4
first,12
first,12
first,3
first,27
first,18
first,14
first,30
first,32
first,1
first,10
first,22
first,8
first,8
first,24
first,39
first,17
first,17
first,6
first,8
first,6
first,19
first,7
first,6
first,17
first,9
first,20
first,12
first,11
first,1
first,1
first,7
first,5
first,50
first,9
first,1
first,8
first,4
first,19
first,29
first,10
first,14
first,10
first,5
first,5
first,3
first,4
first,5
first,28
first,5
first,4
first,17
first,29
first,11
first,17
first,22
first,1
first,21
first,1
first,5
first,8
first,23
first,8
first,9
first,8
first,18
first,2
first,13
first,16
first,1
first,23
first,2
first,10
first,6
first,10
first,3
first,5
first,5
first,14
first,6
first,9
first,12
first,18
first,23
first,9
first,23
first,1
first,3
first,16
first,1
first,16
first,28
first,25
first,1
first,18
first,12
first,41
first,8
first,3
first,17
first,7
first,16
first,28
first,8
first,1
first,21
first,13
first,19
first,2
first,1
first,10
first,23
first,16
first,3
first,8
first,2
first,30
first,7
first,1
first,9
first,10
first,3
first,22
first,7
first,5
first,4
first,9
first,3
first,33
first,38
first,23
first,20
first,9
first,11
first,10
first,5
first,6
first,11
first,3
first,10
first,2
first,10
first,23
first,3
first,14
first,2
first,4
first,20
first,12
first,16
first,23
first,6
first,11
first,5
first,23
first,13
first,20
first,5
first,30
first,3
first,2
first,19
first,12
first,3
first,30
first,14
first,4
first,9
first,24
first,11
first,5
first,11
first,10
first,11
first,14
first,3
first,12
first,10
first,21
first,11
first,7
first,7
first,2
first,4
first,26
first,5
first,3
first,22
first,5
first,3
first,4
first,16
first,2
first,5
first,12
first,27
first,16
first,28
first,9
first,2
first,7
first,13
first,14
first,2
first,16
first,37
first,17
first,14
first,4
first,7
first,2
first,9
first,4
first,20
first,30
first,48
first,15
first,12
first,18
first,6
first,21
first,23
first,8
first,12
first,5
first,2
first,44
first,10
first,17
first,18
first,2
first,4
first,6
first,3
first,8
first,9
first,9
first,7
first,4
first,27
first,12
first,6
first,13
first,11
first,4
first,3
first,7
first,18
first,3
first,9
first,20
first,29
first,31
first,8
first,6
first,8
first,8
first,9
first,1
first,24
first,1
first,4
first,23
first,2
first,1
first,21
first,10
first,13
first,1
first,1
first,1
first,33
first,2
first,2
first,7
first,11
first,14
first,8
first,11
first,34
first,8
first,11
first,17
first,10
first,1
first,1
first,11
first,5
first,24
first,5
first,12
first,16
first,11
first,15
first,2
first,2
first,14
first,4
first,17
first,7
first,11
first,14
first,22
first,5
first,34
first,12
first,25
first,13
first,16
first,23
first,6
first,13
first,37
first,9
first,2
first,1
first,25
first,6
first,29
first,20
first,5
first,10
first,5
first,13
first,1
first,2
first,7
first,22
first,18
first,1
first,2
first,9
first,2
first,5
first,17
first,28
first,4
first,7
first,8
first,3
first,1
first,12
first,13
first,24
first,4
first,10
first,5
first,2
first,9
first,24
first,8
first,10
first,5
first,6
first,9
first,14
first,28
first,1
first,15
first,2
first,15
first,4
first,23
first,7
first,4
first,17
first,5
first,2
first,3
first,19
first,5
first,34
first,14
first,9
first,11
first,8
first,2
first,28
first,13
first,2
first,2
first,14
first,10
first,3
first,3
first,11
first,2
first,1
first,2
first,36
first,24
first,8
first,5
first,11
first,8
first,1
first,13
first,7
first,10
first,10
first,19
first,15
first,8
first,23
first,25
first,7
first,14
first,1
first,13
first,6
first,5
first,18
first,5
first,4
first,10
first,5
first,3
first,1
first,13
first,2
first,4
first,3
first,9
first,3
first,8
first,3
first,11
first,4
first,14
first,2
first,12
first,7
first,1
first,11
first,2
first,2
first,2
first,6
first,12
first,30
first,18
first,4
first,4
first,5
first,21
first,8
first,9
first,9
first,14
first,1
first,2
first,30
first,2
first,3
first,8
first,1
first,13
first,7
first,28
first,16
first,2
first,4
first,22
first,9
first,2
first,9
first,10
first,2
first,6
first,21
first,7
first,22
first,3
first,9
first,6
first,13
first,10
first,1
first,4
first,1
first,11
first,7
first,17
first,13
first,3
first,5
first,10
first,6
first,3
first,3
first,2
first,3
first,15
first,12
first,5
first,5
first,11
first,14
first,3
first,11
first,8
first,9
first,10
first,11
first,26
first,18
first,36
first,11
first,1
first,5
first,15
first,8
first,7
first,13
first,3
first,5
first,22
first,8
first,3
first,8
first,32
first,32
first,4
first,1
first,22
first,3
first,4
first,1
first,2
first,18
first,15
first,17
first,14
first,13
first,2
first,1
first,3
first,24
first,6
first,4
first,8
first,25
first,1
first,22
first,14
first,6
first,4
first,3
first,19
first,3
first,5
first,3
first,9
first,2
first,4
first,5
first,3
first,14
first,7
first,6
first,1
first,11
first,8
first,7
first,18
first,19
first,9
first,9
first,13
first,4
first,8
first,3
first,10
first,1
first,9
first,7
first,31
first,4
first,6
first,20
first,14
first,16
first,5
first,1
first,5
first,11
first,1
first,32
first,11
first,1
first,5
first,12
first,29
first,1
first,6
first,7
first,23
first,11
first,1
first,17
first,15
first,8
first,5
first,4
first,12
first,6
first,10
first,5
first,3
first,21
first,5
first,16
first,14
first,10
first,13
first,2
first,4
first,3
first,5
first,2
first,20
first,4
first,9
first,13
first,4
first,5
first,2
first,12
first,11
first,1
first,3
first,16
first,5
first,10
first,3
first,7
first,1
first,30
first,3
first,12
first,6
first,16
first,4
first,3
first,15
first,13
first,2
first,9
first,2
first,18
first,9
first,11
first,25
first,13
first,20
first,38
first,1
first,1
first,24
first,8
first,1
first,11
first,1
first,24
first,18
first,12
first,12
first,19
first,16
first,14
first,17
first,8
first,12
first,4
first,2
first,7
first,8
first,9
first,2
first,3
first,6
first,4
first,3
first,9
first,21
first,4
first,5
first,10
first,6
first,19
first,4
first,5
first,3
first,28
first,1
first,12
first,2
first,7
first,4
first,29
first,3
first,9
first,11
first,7
first,15
first,3
first,24
first,4
first,30
first,22
first,9
first,19
first,6
first,22
first,18
first,3
first,1
first,11
first,4
first,10
first,1
first,8
first,13
first,5
first,10
first,8
first,10
first,14
first,17
first,5
first,7
first,34
first,1
first,20
first,2
first,7
first,11
first,12
first,2
first,14
first,12
first,13
first,8
first,10
first,1
first,7
first,7
first,10
first,11
first,17
first,4
first,16
first,7
first,4
first,9
first,7
first,4
first,19
first,1
first,1
first,20
first,16
first,22
first,20
first,20
first,10
first,3
first,6
first,13
first,11
first,9
first,8
first,9
first,14
first,18
first,4
first,1
first,1
first,19
first,2
first,15
first,37
first,5
first,13
first,16
first,12
first,1
first,11
first,5
first,6
first,21
first,4
first,10
first,5
first,7
first,14
first,9
first,24
first,6
first,17
first,10
first,7
first,18
first,4
first,13
first,7
first,10
first,5
first,14
first,17
first,35
first,16
first,12
first,1
first,4
first,11
first,3
first,2
first,11
first,6
first,44
first,8
first,19
first,4
first,13
first,8
first,24
first,26
first,8
first,1
first,33
first,15
first,27
first,1
first,25
first,1
first,5
first,7
first,12
first,6
first,35
first,16
first,17
first,27
first,12
first,3
first,10
first,32
first,11
first,9
first,20
first,37
first,1
first,5
first,37
first,20
first,22
first,21
first,2
first,28
first,12
first,1
first,12
first,11
first,23
first,30
first,30
first,7
first,10
first,10
first,3
first,5
first,9
first,1
first,8
first,21
first,19
first,8
first,5
first,3
first,40
first,7
first,10
first,8
first,18
first,12
first,10
first,3
first,3
first,3
first,10
first,19
first,2
first,2
first,7
first,27
first,36
first,2
first,6
first,2
first,6
first,20
first,14
first,12
first,3
first,9
first,11
first,8
first,11
first,4
first,2
first,10
first,18
first,5
first,5
first,2
first,8
first,16
first,22
first,3
first,2
first,6
first,15
first,7
first,19
first,8
first,10
first,13
first,21
first,3
first,8
first,1
first,31
first,2
first,11
first,3
first,6
first,2
first,6
first,5
first,14
first,15
first,8
first,20
first,10
first,12
first,11
first,14
first,18
first,37
first,4
first,18
first,5
first,6
first,7
first,40
first,14
first,1
first,19
first,2
first,27
first,11
first,14
first,2
first,22
first,18
first,2
first,19
first,10
first,3
first,6
first,6
first,11
first,8
first,9
first,15
first,32
first,14
first,4
first,22
first,3
first,14
first,10
first,39
first,25
first,1
first,4
first,15
first,9
first,8
first,32
first,29
first,19
first,20
first,23
first,5
first,12
first,6
first,2
first,13
first,7
first,18
first,4
first,3
first,38
first,6
first,9
first,5
first,7
first,6
first,3
first,13
first,6
first,8
first,2
first,26
first,13
first,3
first,14
first,32
first,19
first,6
first,19
first,18
first,19
first,19
first,13
first,2
first,28
first,7
first,16
first,19
first,28
first,7
first,1
first,1
first,15
first,29
second,21
second,18
second,31
second,24
second,18
second,37
second,10
second,3
second,20
second,28
second,6
second,32
second,16
second,15
second,15
second,5
second,54
second,57
second,12
second,31
second,4
second,14
second,54
second,23
second,32
second,13
second,24
second,43
second,4
second,20
second,26
second,19
second,20
second,53
second,8
second,33
second,2
second,37
second,16
second,39
second,28
second,15
second,8
second,33
second,28
second,40
second,31
second,18
second,11
second,38
second,6
second,9
second,14
second,10
second,12
second,35
second,16
second,30
second,21
second,25
second,36
second,17
second,14
second,17
second,17
second,52
second,21
second,4
second,21
second,12
second,30
second,23
second,12
second,6
second,3
second,14
second,25
second,29
second,21
second,25
second,16
second,47
second,19
second,10
second,21
second,28
second,36
second,22
second,31
second,10
second,12
second,33
second,17
second,3
second,32
second,58
second,8
second,34
second,12
second,53
second,18
second,8
second,16
second,20
second,3
second,33
second,44
second,12
second,29
second,37
second,31
second,35
second,40
second,9
second,23
second,27
second,23
second,29
second,15
second,43
second,44
second,27
second,37
second,12
second,32
second,47
second,49
second,30
second,33
second,12
second,9
second,33
second,24
second,41
second,21
second,4
second,11
second,53
second,23
second,4
second,31
second,18
second,6
second,29
second,42
second,27
second,35
second,26
second,35
second,15
second,22
second,26
second,17
second,28
second,23
second,22
second,20
second,12
second,27
second,5
second,29
second,18
second,14
second,8
second,23
second,43
second,9
second,19
second,27
second,17
second,20
second,8
second,41
second,32
second,12
second,21
second,21
second,13
second,41
second,32
second,6
second,37
second,19
second,29
second,26
second,43
second,23
second,9
second,8
second,43
second,17
second,5
second,6
second,18
second,11
second,35
second,13
second,23
second,15
second,32
second,2
second,10
second,10
second,17
second,8
second,45
second,16
second,23
second,29
second,32
second,27
second,15
second,17
second,21
second,33
second,19
second,52
second,20
second,25
second,14
second,34
second,36
second,6
second,10
second,19
second,31
second,6
second,49
second,30
second,8
second,2
second,13
second,17
second,12
second,12
second,25
second,8
second,29
second,36
second,19
second,7
second,12
second,42
second,25
second,28
second,29
second,38
second,9
second,32
second,11
second,11
second,19
second,33
second,14
second,8
second,42
second,29
second,28
second,21
second,25
second,12
second,21
second,54
second,57
second,14
second,23
second,22
second,53
second,17
second,2
second,61
second,39
second,18
second,28
second,13
second,15
second,54
second,41
second,25
second,7
second,34
second,15
second,43
second,21
second,11
second,22
second,27
second,18
second,23
second,10
second,41
second,21
second,10
second,7
second,9
second,28
second,29
second,14
second,45
second,20
second,10
second,28
second,25
second,23
second,21
second,54
second,6
second,19
second,42
second,16
second,29
second,14
second,22
second,18
second,50
second,10
second,19
second,18
second,17
second,24
second,24
second,8
second,33
second,4
second,57
second,12
second,44
second,13
second,17
second,30
second,25
second,15
second,26
second,39
second,13
second,34
second,23
second,7
second,21
second,9
second,28
second,33
second,25
second,24
second,61
second,18
second,36
second,9
second,3
second,20
second,35
second,24
second,36
second,20
second,30
second,26
second,13
second,37
second,28
second,32
second,6
second,14
second,14
second,6
second,35
second,22
second,41
second,49
second,37
second,3
second,49
second,23
second,12
second,10
second,45
second,48
second,18
second,24
second,20
second,14
second,21
second,28
second,15
second,7
second,19
second,15
second,24
second,30
second,21
second,16
second,28
second,19
second,32
second,51
second,40
second,2
second,10
second,9
second,42
second,37
second,22
second,46
second,13
second,22
second,21
second,9
second,33
second,10
second,32
second,22
second,11
second,20
second,31
second,21
second,18
second,23
second,15
second,39
second,19
second,22
second,14
second,36
second,20
second,32
second,15
second,31
second,9
second,25
second,30
second,26
second,33
second,18
second,16
second,32
second,13
second,7
second,28
second,9
second,20
second,13
second,43
second,20
second,28
second,25
second,40
second,55
second,3
second,12
second,17
second,3
second,23
second,38
second,33
second,8
second,26
second,21
second,48
second,10
second,14
second,19
second,32
second,24
second,41
second,17
second,25
second,31
second,18
second,20
second,3
second,28
second,16
second,49
second,30
second,54
second,18
second,12
second,38
second,15
second,28
second,19
second,11
second,17
second,23
second,39
second,10
second,32
second,11
second,6
second,44
second,44
second,56
second,33
second,11
second,17
second,47
second,7
second,25
second,17
second,15
second,28
second,24
second,34
second,29
second,27
second,40
second,23
second,22
second,27
second,25
second,20
second,30
second,33
second,24
second,7
second,25
second,27
second,32
second,25
second,47
second,12
second,25
second,35
second,25
second,18
second,33
second,22
second,28
second,28
second,44
second,23
second,8
second,23
second,12
second,28
second,23
second,27
second,13
second,11
second,31
second,12
second,17
second,15
second,3
second,13
second,28
second,12
second,12
second,32
second,39
second,51
second,8
second,19
second,11
second,6
second,36
second,40
second,38
second,30
second,10
second,14
second,10
second,27
second,18
second,6
second,29
second,47
second,40
second,22
second,26
second,16
second,12
second,20
second,54
second,31
second,32
second,49
second,20
second,27
second,30
second,26
second,39
second,31
second,29
second,17
second,7
second,3
second,45
second,16
second,22
second,21
second,22
second,12
second,8
second,13
second,13
second,34
second,11
second,13
second,22
second,29
second,31
second,37
second,16
second,39
second,15
second,6
second,24
second,28
second,5
second,10
second,21
second,41
second,32
second,13
second,8
second,9
second,15
second,15
second,12
second,29
second,25
second,15
second,24
second,6
second,26
second,33
second,14
second,22
second,16
second,12
second,19
second,39
second,30
second,4
second,19
second,16
second,25
second,14
second,24
second,36
second,12
second,17
second,19
second,14
second,9
second,24
second,13
second,10
second,36
second,11
second,24
second,19
second,12
second,16
second,4
second,9
second,15
second,18
second,27
second,10
second,12
second,15
second,31
second,13
second,44
second,15
second,30
second,24
second,17
second,49
second,36
second,16
second,39
second,19
second,11
second,3
second,28
second,10
second,30
second,26
second,7
second,19
second,16
second,18
second,4
second,11
second,14
second,23
second,25
second,6
second,14
second,29
second,16
second,28
second,24
second,32
second,8
second,8
second,37
second,12
second,8
second,26
second,30
second,28
second,10
second,17
second,15
second,3
second,25
second,34
second,18
second,20
second,6
second,9
second,33
second,18
second,30
second,7
second,27
second,24
second,16
second,20
second,32
second,33
second,31
second,29
second,15
second,9
second,7
second,25
second,6
second,39
second,26
second,14
second,21
second,13
second,3
second,33
second,28
second,19
second,5
second,15
second,14
second,7
second,8
second,12
second,3
second,17
second,9
second,44
second,25
second,17
second,12
second,23
second,12
second,2
second,14
second,8
second,15
second,28
second,20
second,24
second,35
second,28
second,36
second,24
second,25
second,10
second,20
second,9
second,26
second,25
second,12
second,18
second,29
second,31
second,9
second,5
second,23
second,36
second,6
second,23
second,33
second,26
second,10
second,9
second,12
second,6
second,47
second,7
second,17
second,10
second,17
second,19
second,19
second,9
second,7
second,7
second,17
second,40
second,21
second,11
second,12
second,25
second,24
second,24
second,23
second,29
second,25
second,22
second,8
second,31
second,13
second,6
second,28
second,18
second,19
second,46
second,36
second,22
second,11
second,26
second,28
second,14
second,6
second,31
second,13
second,11
second,13
second,22
second,12
second,26
second,23
second,19
second,8
second,18
second,12
second,36
second,7
second,6
second,23
second,37
second,29
second,14
second,7
second,9
second,37
second,10
second,8
second,14
second,5
second,17
second,16
second,23
second,6
second,27
second,16
second,16
second,22
second,12
second,28
second,21
second,14
second,13
second,30
second,20
second,46
second,13
second,18
second,8
second,23
second,10
second,23
second,17
second,10
second,16
second,32
second,18
second,15
second,10
second,42
second,34
second,7
second,27
second,32
second,18
second,21
second,7
second,5
second,26
second,26
second,23
second,18
second,26
second,16
second,5
second,20
second,33
second,20
second,19
second,11
second,28
second,6
second,29
second,26
second,27
second,13
second,7
second,30
second,16
second,6
second,14
second,31
second,5
second,16
second,22
second,5
second,19
second,15
second,34
second,3
second,17
second,14
second,10
second,22
second,30
second,10
second,10
second,14
second,7
second,13
second,7
second,24
second,7
second,12
second,8
second,39
second,25
second,8
second,22
second,15
second,23
second,13
second,24
second,14
second,16
second,15
second,43
second,14
second,8
second,14
second,35
second,30
second,4
second,11
second,16
second,28
second,12
second,10
second,28
second,23
second,13
second,33
second,19
second,24
second,29
second,30
second,19
second,21
second,35
second,23
second,21
second,16
second,13
second,28
second,24
second,19
second,14
second,18
second,6
second,37
second,30
second,16
second,22
second,35
second,35
second,33
second,14
second,16
second,18
second,8
second,26
second,10
second,12
second,27
second,20
second,12
second,41
second,4
second,47
second,20
second,41
second,19
second,5
second,25
second,19
second,12
second,13
second,17
second,28
second,12
second,18
second,30
second,19
second,40
second,40
second,7
second,4
second,28
second,18
second,9
second,15
second,11
second,30
second,36
second,15
second,21
second,20
second,18
second,37
second,19
second,18
second,20
second,23
second,8
second,12
second,17
second,17
second,11
second,15
second,13
second,24
second,11
second,24
second,33
second,23
second,14
second,18
second,22
second,20
second,10
second,15
second,11
second,39
second,4
second,20
second,23
second,31
second,13
second,32
second,12
second,13
second,32
second,11
second,37
second,14
second,28
second,5
second,31
second,36
second,13
second,21
second,7
second,26
second,22
second,16
second,17
second,33
second,11
second,11
second,8
second,11
second,24
second,10
second,30
second,20
second,12
second,16
second,30
second,8
second,12
second,38
second,7
second,24
second,7
second,17
second,12
second,22
second,6
second,26
second,20
second,44
second,16
second,24
second,18
second,20
second,17
second,35
second,14
second,20
second,22
second,17
second,10
second,32
second,33
second,10
second,22
second,28
second,16
second,11
second,30
second,22
second,27
second,21
second,21
second,41
second,10
second,38
second,30
second,30
second,30
second,11
second,12
second,22
second,34
second,9
second,3
second,6
second,20
second,7
second,21
second,51
second,22
second,34
second,23
second,22
second,12
second,34
second,21
second,14
second,22
second,36
second,15
second,13
second,21
second,20
second,36
second,26
second,16
second,21
second,29
second,9
second,47
second,17
second,27
second,8
second,14
second,8
second,22
second,22
second,36
second,23
second,17
second,19
second,10
second,13
second,19
second,8
second,13
second,7
second,52
second,25
second,29
second,22
second,20
second,31
second,29
second,40
second,21
second,5
second,46
second,22
second,28
second,4
second,30
second,21
second,21
second,24
second,18
second,21
second,36
second,28
second,36
second,39
second,22
second,15
second,20
second,35
second,20
second,22
second,31
second,40
second,4
second,36
second,51
second,40
second,23
second,22
second,7
second,38
second,22
second,17
second,17
second,20
second,29
second,31
second,32
second,29
second,30
second,27
second,6
second,23
second,25
second,2
second,30
second,46
second,25
second,15
second,31
second,16
second,43
second,20
second,16
second,32
second,26
second,15
second,40
second,21
second,7
second,25
second,30
second,20
second,6
second,13
second,16
second,29
second,38
second,6
second,12
second,13
second,14
second,21
second,17
second,21
second,18
second,24
second,15
second,14
second,29
second,11
second,15
second,15
second,29
second,16
second,15
second,17
second,10
second,25
second,30
second,10
second,36
second,17
second,32
second,21
second,37
second,23
second,43
second,22
second,28
second,28
second,9
second,15
second,32
second,10
second,18
second,7
second,28
second,32
second,42
second,7
second,16
second,21
second,33
second,30
second,39
second,18
second,36
second,21
second,27
second,39
second,5
second,30
second,7
second,40
second,15
second,41
second,15
second,33
second,28
second,39
second,28
second,41
second,16
second,10
second,39
second,20
second,27
second,28
second,19
second,44
second,10
second,12
second,13
second,40
second,10
second,16
second,36
second,22
second,26
second,23
second,18
second,34
second,20
second,41
second,37
second,25
second,17
second,21
second,21
second,15
second,45
second,44
second,24
second,24
second,28
second,9
second,27
second,24
second,18
second,36
second,8
second,27
second,7
second,16
second,42
second,14
second,10
second,25
second,15
second,33
second,9
second,20
second,10
second,21
second,16
second,30
second,43
second,6
second,30
second,37
second,30
second,8
second,25
second,23
second,36
second,31
second,19
second,11
second,45
second,14
second,20
second,35
second,34
second,28
second,6
second,2
second,30
second,30
third,27
third,36
third,36
third,30
third,23
third,52
third,31
third,13
third,27
third,37
third,40
third,33
third,37
third,17
third,18
third,17
third,57
third,58
third,18
third,40
third,6
third,31
third,56
third,37
third,34
third,38
third,27
third,45
third,11
third,22
third,38
third,23
third,39
third,60
third,17
third,35
third,7
third,40
third,48
third,58
third,33
third,21
third,22
third,43
third,31
third,44
third,50
third,37
third,51
third,42
third,22
third,17
third,38
third,44
third,17
third,39
third,23
third,33
third,26
third,32
third,48
third,49
third,23
third,31
third,20
third,55
third,22
third,11
third,22
third,19
third,36
third,47
third,34
third,18
third,14
third,17
third,36
third,35
third,36
third,36
third,32
third,61
third,61
third,34
third,27
third,52
third,49
third,27
third,41
third,63
third,32
third,41
third,38
third,26
third,41
third,59
third,18
third,40
third,26
third,54
third,42
third,35
third,33
third,49
third,21
third,35
third,46
third,33
third,30
third,39
third,39
third,45
third,48
third,27
third,40
third,44
third,26
third,49
third,21
third,58
third,46
third,29
third,39
third,15
third,35
third,54
third,50
third,35
third,54
third,15
third,17
third,44
third,38
third,53
third,23
third,7
third,21
third,57
third,39
third,16
third,35
third,26
third,12
third,42
third,53
third,44
third,42
third,37
third,38
third,39
third,26
third,27
third,35
third,46
third,32
third,52
third,48
third,50
third,29
third,25
third,34
third,33
third,36
third,10
third,34
third,44
third,22
third,39
third,31
third,24
third,41
third,30
third,50
third,37
third,20
third,22
third,24
third,30
third,44
third,47
third,45
third,47
third,31
third,35
third,36
third,47
third,32
third,26
third,23
third,45
third,24
third,16
third,11
third,21
third,14
third,38
third,42
third,28
third,34
third,34
third,39
third,20
third,25
third,33
third,9
third,53
third,23
third,28
third,41
third,35
third,30
third,17
third,26
third,23
third,43
third,25
third,54
third,37
third,52
third,50
third,39
third,45
third,45
third,21
third,25
third,42
third,14
third,50
third,41
third,14
third,3
third,28
third,18
third,16
third,20
third,47
third,41
third,31
third,48
third,37
third,15
third,42
third,51
third,38
third,30
third,31
third,43
third,21
third,34
third,36
third,47
third,59
third,51
third,23
third,20
third,49
third,34
third,34
third,24
third,39
third,13
third,45
third,57
third,64
third,32
third,27
third,27
third,59
third,34
third,7
third,63
third,48
third,19
third,48
third,20
third,50
third,55
third,53
third,54
third,45
third,52
third,28
third,56
third,30
third,38
third,32
third,46
third,41
third,56
third,27
third,42
third,27
third,43
third,15
third,20
third,37
third,43
third,23
third,57
third,38
third,15
third,41
third,37
third,26
third,31
third,56
third,9
third,21
third,45
third,38
third,36
third,31
third,28
third,39
third,54
third,12
third,26
third,27
third,20
third,42
third,52
third,26
third,45
third,18
third,59
third,24
third,54
third,19
third,25
third,59
third,38
third,31
third,39
third,44
third,27
third,35
third,27
third,14
third,26
third,11
third,47
third,37
third,35
third,33
third,30
third,37
third,41
third,16
third,13
third,61
third,37
third,28
third,37
third,50
third,32
third,28
third,27
third,46
third,31
third,44
third,16
third,20
third,26
third,19
third,38
third,29
third,42
third,54
third,56
third,13
third,61
third,62
third,25
third,21
third,55
third,53
third,24
third,35
third,29
third,32
third,41
third,43
third,32
third,16
third,39
third,43
third,26
third,36
third,28
third,54
third,40
third,21
third,44
third,59
third,63
third,18
third,29
third,16
third,45
third,46
third,32
third,61
third,32
third,43
third,57
third,21
third,39
third,28
third,33
third,45
third,39
third,32
third,46
third,31
third,49
third,24
third,18
third,41
third,37
third,26
third,61
third,51
third,46
third,36
third,31
third,32
third,27
third,44
third,41
third,41
third,42
third,19
third,40
third,47
third,28
third,9
third,33
third,17
third,42
third,16
third,57
third,39
third,62
third,45
third,41
third,59
third,13
third,24
third,29
third,28
third,30
third,42
third,40
third,16
third,37
third,32
third,49
third,26
third,18
third,21
third,41
third,28
third,61
third,20
third,28
third,50
third,37
third,21
third,16
third,33
third,38
third,57
third,34
third,61
third,27
third,50
third,52
third,20
third,63
third,51
third,23
third,49
third,29
third,50
third,24
third,48
third,25
third,21
third,49
third,60
third,61
third,36
third,27
third,21
third,50
third,23
third,35
third,40
third,29
third,32
third,31
third,39
third,37
third,36
third,42
third,41
third,24
third,36
third,37
third,22
third,33
third,34
third,41
third,9
third,39
third,47
third,52
third,26
third,57
third,16
third,33
third,46
third,30
third,25
third,35
third,23
third,49
third,30
third,53
third,42
third,15
third,43
third,13
third,50
third,32
third,34
third,44
third,21
third,64
third,15
third,27
third,18
third,40
third,31
third,31
third,16
third,40
third,34
third,44
third,52
third,19
third,32
third,47
third,15
third,38
third,44
third,55
third,41
third,32
third,19
third,16
third,33
third,19
third,47
third,53
third,50
third,41
third,37
third,32
third,25
third,17
third,25
third,56
third,56
third,42
third,57
third,29
third,29
third,40
third,33
third,40
third,42
third,41
third,26
third,24
third,13
third,47
third,18
third,30
third,25
third,32
third,14
third,43
third,17
third,29
third,48
third,14
third,24
third,27
third,34
third,43
third,39
third,34
third,46
third,25
third,14
third,26
third,35
third,10
third,16
third,22
third,48
third,48
third,18
third,13
third,25
third,34
third,17
third,28
third,38
third,29
third,17
third,27
third,11
third,34
third,35
third,25
third,23
third,21
third,32
third,45
third,40
third,33
third,6
third,23
third,30
third,30
third,39
third,31
third,38
third,15
third,25
third,21
third,18
third,29
third,44
third,25
third,21
third,51
third,16
third,35
third,20
third,15
third,23
third,10
third,19
third,47
third,43
third,37
third,11
third,46
third,19
third,38
third,28
third,48
third,22
third,32
third,30
third,22
third,53
third,38
third,33
third,51
third,33
third,19
third,13
third,48
third,51
third,40
third,27
third,19
third,37
third,31
third,24
third,18
third,35
third,21
third,30
third,36
third,16
third,39
third,31
third,43
third,31
third,26
third,35
third,21
third,17
third,39
third,31
third,24
third,44
third,42
third,30
third,12
third,25
third,18
third,7
third,42
third,36
third,45
third,25
third,37
third,29
third,42
third,25
third,35
third,10
third,31
third,28
third,28
third,34
third,39
third,39
third,41
third,31
third,16
third,11
third,22
third,29
third,29
third,42
third,45
third,44
third,26
third,19
third,12
third,41
third,31
third,23
third,34
third,28
third,24
third,9
third,25
third,17
third,13
third,35
third,14
third,49
third,34
third,32
third,15
third,28
third,18
third,7
third,19
third,9
third,33
third,39
third,37
third,40
third,44
third,38
third,40
third,37
third,32
third,13
third,32
third,11
third,44
third,50
third,43
third,23
third,37
third,50
third,37
third,10
third,24
third,40
third,34
third,31
third,54
third,28
third,26
third,19
third,17
third,25
third,52
third,17
third,45
third,22
third,25
third,33
third,22
third,26
third,25
third,9
third,25
third,42
third,46
third,17
third,14
third,30
third,36
third,39
third,40
third,40
third,27
third,34
third,22
third,45
third,35
third,29
third,30
third,33
third,23
third,47
third,40
third,23
third,22
third,33
third,33
third,17
third,19
third,35
third,14
third,26
third,19
third,26
third,26
third,31
third,48
third,31
third,30
third,36
third,31
third,40
third,8
third,8
third,26
third,43
third,31
third,17
third,21
third,28
third,40
third,23
third,13
third,20
third,31
third,19
third,46
third,25
third,16
third,36
third,33
third,32
third,26
third,24
third,29
third,28
third,21
third,20
third,49
third,28
third,50
third,23
third,35
third,20
third,40
third,25
third,26
third,19
third,19
third,22
third,37
third,24
third,27
third,30
third,50
third,45
third,9
third,31
third,34
third,21
third,28
third,10
third,25
third,29
third,34
third,36
third,28
third,39
third,18
third,8
third,26
third,36
third,34
third,26
third,21
third,49
third,7
third,31
third,41
third,46
third,39
third,11
third,48
third,48
third,13
third,35
third,38
third,20
third,32
third,36
third,29
third,35
third,20
third,40
third,41
third,29
third,15
third,14
third,45
third,33
third,17
third,24
third,41
third,26
third,35
third,21
third,35
third,11
third,20
third,33
third,40
third,29
third,20
third,39
third,16
third,42
third,17
third,33
third,36
third,29
third,35
third,53
third,49
third,41
third,17
third,45
third,45
third,11
third,42
third,17
third,50
third,32
third,37
third,38
third,43
third,17
third,41
third,28
third,43
third,34
third,36
third,29
third,24
third,46
third,25
third,27
third,30
third,15
third,49
third,46
third,33
third,20
third,33
third,34
third,39
third,35
third,17
third,25
third,36
third,57
third,39
third,34
third,40
third,21
third,23
third,35
third,24
third,23
third,35
third,43
third,23
third,50
third,12
third,48
third,22
third,42
third,22
third,18
third,52
third,35
third,25
third,47
third,23
third,31
third,35
third,36
third,54
third,21
third,41
third,41
third,27
third,38
third,48
third,19
third,11
third,24
third,18
third,45
third,39
third,19
third,22
third,38
third,27
third,44
third,39
third,38
third,43
third,31
third,40
third,13
third,18
third,32
third,27
third,27
third,15
third,40
third,47
third,34
third,44
third,39
third,32
third,41
third,34
third,42
third,11
third,26
third,20
third,40
third,12
third,28
third,31
third,50
third,17
third,36
third,34
third,21
third,36
third,39
third,41
third,33
third,45
third,36
third,34
third,51
third,22
third,23
third,26
third,32
third,37
third,18
third,38
third,44
third,19
third,18
third,10
third,25
third,27
third,11
third,37
third,21
third,38
third,53
third,48
third,11
third,23
third,39
third,27
third,25
third,16
third,20
third,15
third,32
third,32
third,37
third,30
third,51
third,27
third,36
third,37
third,21
third,20
third,39
third,22
third,21
third,27
third,29
third,12
third,33
third,36
third,22
third,26
third,30
third,17
third,20
third,38
third,30
third,35
third,23
third,27
third,44
third,14
third,43
third,32
third,45
third,31
third,18
third,13
third,27
third,40
third,14
third,24
third,10
third,40
third,29
third,23
third,52
third,34
third,40
third,25
third,25
third,53
third,41
third,22
third,32
third,49
third,40
third,31
third,17
third,32
third,24
third,39
third,45
third,20
third,37
third,33
third,14
third,51
third,35
third,37
third,19
third,30
third,29
third,52
third,36
third,47
third,28
third,20
third,20
third,37
third,55
third,27
third,21
third,22
third,11
third,54
third,34
third,34
third,35
third,40
third,39
third,50
third,41
third,30
third,29
third,52
third,38
third,44
third,11
third,53
third,22
third,32
third,36
third,20
third,49
third,51
third,36
third,47
third,54
third,26
third,45
third,29
third,40
third,22
third,41
third,38
third,50
third,18
third,39
third,54
third,47
third,37
third,39
third,11
third,42
third,54
third,52
third,30
third,33
third,47
third,41
third,48
third,36
third,51
third,29
third,26
third,28
third,34
third,24
third,48
third,47
third,43
third,26
third,34
third,48
third,48
third,29
third,32
third,55
third,28
third,38
third,45
third,38
third,33
third,44
third,37
third,40
third,24
third,23
third,19
third,45
third,45
third,9
third,39
third,32
third,25
third,36
third,18
third,22
third,37
third,35
third,43
third,33
third,30
third,38
third,38
third,51
third,33
third,27
third,38
third,33
third,21
third,27
third,40
third,15
third,37
third,21
third,36
third,39
third,48
third,37
third,55
third,34
third,32
third,34
third,18
third,26
third,37
third,50
third,39
third,21
third,47
third,39
third,45
third,24
third,41
third,32
third,55
third,45
third,47
third,20
third,61
third,37
third,33
third,55
third,6
third,35
third,61
third,41
third,22
third,58
third,25
third,37
third,39
third,50
third,51
third,56
third,36
third,35
third,43
third,26
third,42
third,41
third,40
third,61
third,31
third,20
third,18
third,49
third,37
third,24
third,49
third,42
third,34
third,36
third,23
third,36
third,23
third,54
third,38
third,44
third,57
third,31
third,56
third,46
third,51
third,59
third,35
third,47
third,41
third,11
third,34
third,35
third,56
third,43
third,19
third,49
third,32
third,30
third,56
third,16
third,20
third,36
third,36
third,34
third,21
third,31
third,24
third,22
third,22
third,33
third,53
third,11
third,41
third,40
third,36
third,15
third,48
third,35
third,37
third,40
third,36
third,22
third,53
third,24
third,44
third,53
third,51
third,62
third,40
third,31
third,47
third,32
fourth,36
fourth,49
fourth,43
fourth,53
fourth,40
fourth,53
fourth,37
fourth,44
fourth,45
fourth,40
fourth,42
fourth,45
fourth,48
fourth,45
fourth,32
fourth,43
fourth,60
fourth,60
fourth,44
fourth,41
fourth,48
fourth,47
fourth,63
fourth,61
fourth,43
fourth,39
fourth,35
fourth,61
fourth,41
fourth,60
fourth,45
fourth,25
fourth,65
fourth,68
fourth,27
fourth,42
fourth,52
fourth,64
fourth,49
fourth,63
fourth,63
fourth,32
fourth,32
fourth,53
fourth,44
fourth,50
fourth,52
fourth,44
fourth,56
fourth,61
fourth,42
fourth,27
fourth,39
fourth,55
fourth,39
fourth,51
fourth,50
fourth,45
fourth,41
fourth,63
fourth,59
fourth,52
fourth,47
fourth,51
fourth,53
fourth,60
fourth,27
fourth,20
fourth,29
fourth,47
fourth,42
fourth,55
fourth,45
fourth,36
fourth,40
fourth,57
fourth,43
fourth,40
fourth,61
fourth,44
fourth,58
fourth,62
fourth,62
fourth,36
fourth,60
fourth,53
fourth,56
fourth,33
fourth,63
fourth,64
fourth,50
fourth,52
fourth,68
fourth,41
fourth,58
fourth,64
fourth,21
fourth,42
fourth,39
fourth,56
fourth,48
fourth,50
fourth,58
fourth,61
fourth,47
fourth,40
fourth,56
fourth,36
fourth,42
fourth,48
fourth,40
fourth,48
fourth,55
fourth,39
fourth,59
fourth,59
fourth,30
fourth,50
fourth,33
fourth,60
fourth,50
fourth,36
fourth,61
fourth,19
fourth,36
fourth,55
fourth,59
fourth,41
fourth,57
fourth,31
fourth,36
fourth,59
fourth,56
fourth,55
fourth,31
fourth,43
fourth,25
fourth,59
fourth,59
fourth,30
fourth,50
fourth,39
fourth,32
fourth,44
fourth,62
fourth,51
fourth,63
fourth,53
fourth,61
fourth,40
fourth,55
fourth,28
fourth,38
fourth,62
fourth,37
fourth,56
fourth,54
fourth,61
fourth,59
fourth,63
fourth,53
fourth,43
fourth,51
fourth,43
fourth,51
fourth,45
fourth,36
fourth,47
fourth,36
fourth,53
fourth,42
fourth,52
fourth,56
fourth,41
fourth,21
fourth,29
fourth,30
fourth,51
fourth,58
fourth,53
fourth,66
fourth,55
fourth,48
fourth,53
fourth,64
fourth,60
fourth,35
fourth,44
fourth,46
fourth,50
fourth,59
fourth,22
fourth,14
fourth,26
fourth,16
fourth,42
fourth,48
fourth,34
fourth,45
fourth,42
fourth,43
fourth,44
fourth,66
fourth,61
fourth,37
fourth,64
fourth,30
fourth,56
fourth,45
fourth,36
fourth,63
fourth,46
fourth,32
fourth,39
fourth,59
fourth,32
fourth,64
fourth,44
fourth,60
fourth,53
fourth,53
fourth,47
fourth,55
fourth,35
fourth,27
fourth,49
fourth,20
fourth,51
fourth,48
fourth,24
fourth,7
fourth,38
fourth,43
fourth,29
fourth,21
fourth,48
fourth,65
fourth,56
fourth,57
fourth,49
fourth,27
fourth,46
fourth,53
fourth,52
fourth,40
fourth,37
fourth,52
fourth,29
fourth,46
fourth,37
fourth,55
fourth,68
fourth,56
fourth,38
fourth,52
fourth,62
fourth,53
fourth,42
fourth,32
fourth,40
fourth,19
fourth,53
fourth,62
fourth,68
fourth,43
fourth,42
fourth,53
fourth,63
fourth,59
fourth,30
fourth,64
fourth,50
fourth,24
fourth,63
fourth,32
fourth,59
fourth,61
fourth,57
fourth,57
fourth,47
fourth,61
fourth,47
fourth,62
fourth,43
fourth,44
fourth,38
fourth,56
fourth,44
fourth,58
fourth,28
fourth,49
fourth,46
fourth,45
fourth,41
fourth,42
fourth,62
fourth,45
fourth,27
fourth,58
fourth,45
fourth,25
fourth,53
fourth,44
fourth,46
fourth,45
fourth,61
fourth,17
fourth,22
fourth,55
fourth,50
fourth,57
fourth,40
fourth,45
fourth,56
fourth,62
fourth,17
fourth,61
fourth,55
fourth,38
fourth,54
fourth,55
fourth,52
fourth,53
fourth,29
fourth,60
fourth,41
fourth,61
fourth,36
fourth,36
fourth,65
fourth,62
fourth,34
fourth,44
fourth,46
fourth,41
fourth,40
fourth,48
fourth,46
fourth,47
fourth,33
fourth,49
fourth,51
fourth,58
fourth,49
fourth,29
fourth,39
fourth,51
fourth,56
fourth,15
fourth,64
fourth,50
fourth,51
fourth,55
fourth,55
fourth,36
fourth,59
fourth,53
fourth,51
fourth,32
fourth,48
fourth,30
fourth,21
fourth,48
fourth,26
fourth,57
fourth,54
fourth,45
fourth,66
fourth,66
fourth,19
fourth,63
fourth,63
fourth,41
fourth,23
fourth,56
fourth,67
fourth,25
fourth,57
fourth,57
fourth,58
fourth,52
fourth,67
fourth,38
fourth,23
fourth,43
fourth,60
fourth,35
fourth,47
fourth,33
fourth,63
fourth,45
fourth,42
fourth,53
fourth,61
fourth,64
fourth,23
fourth,40
fourth,54
fourth,48
fourth,53
fourth,36
fourth,65
fourth,53
fourth,57
fourth,66
fourth,41
fourth,46
fourth,55
fourth,38
fourth,47
fourth,45
fourth,63
fourth,56
fourth,41
fourth,59
fourth,45
fourth,26
fourth,48
fourth,40
fourth,45
fourth,63
fourth,53
fourth,53
fourth,44
fourth,36
fourth,45
fourth,29
fourth,54
fourth,48
fourth,50
fourth,46
fourth,22
fourth,52
fourth,62
fourth,52
fourth,31
fourth,38
fourth,37
fourth,49
fourth,17
fourth,60
fourth,49
fourth,66
fourth,52
fourth,53
fourth,64
fourth,16
fourth,37
fourth,41
fourth,57
fourth,44
fourth,51
fourth,54
fourth,40
fourth,39
fourth,44
fourth,53
fourth,27
fourth,25
fourth,37
fourth,47
fourth,43
fourth,63
fourth,27
fourth,31
fourth,51
fourth,54
fourth,42
fourth,48
fourth,55
fourth,43
fourth,64
fourth,37
fourth,64
fourth,29
fourth,61
fourth,53
fourth,29
fourth,67
fourth,55
fourth,28
fourth,55
fourth,33
fourth,59
fourth,56
fourth,49
fourth,64
fourth,60
fourth,50
fourth,64
fourth,64
fourth,47
fourth,66
fourth,23
fourth,65
fourth,35
fourth,58
fourth,50
fourth,54
fourth,61
fourth,57
fourth,59
fourth,60
fourth,56
fourth,43
fourth,53
fourth,31
fourth,41
fourth,60
fourth,43
fourth,40
fourth,58
fourth,59
fourth,23
fourth,54
fourth,64
fourth,66
fourth,44
fourth,66
fourth,32
fourth,39
fourth,59
fourth,52
fourth,32
fourth,38
fourth,41
fourth,60
fourth,40
fourth,55
fourth,52
fourth,22
fourth,54
fourth,46
fourth,57
fourth,34
fourth,59
fourth,52
fourth,22
fourth,65
fourth,16
fourth,29
fourth,19
fourth,50
fourth,36
fourth,60
fourth,31
fourth,52
fourth,40
fourth,47
fourth,61
fourth,27
fourth,34
fourth,62
fourth,29
fourth,54
fourth,59
fourth,63
fourth,59
fourth,42
fourth,30
fourth,46
fourth,47
fourth,32
fourth,66
fourth,58
fourth,52
fourth,46
fourth,45
fourth,55
fourth,50
fourth,20
fourth,47
fourth,62
fourth,60
fourth,56
fourth,62
fourth,31
fourth,43
fourth,48
fourth,44
fourth,55
fourth,50
fourth,51
fourth,43
fourth,31
fourth,16
fourth,50
fourth,29
fourth,46
fourth,28
fourth,45
fourth,21
fourth,48
fourth,42
fourth,38
fourth,52
fourth,16
fourth,49
fourth,28
fourth,41
fourth,44
fourth,45
fourth,45
fourth,52
fourth,27
fourth,18
fourth,31
fourth,46
fourth,22
fourth,20
fourth,41
fourth,52
fourth,49
fourth,27
fourth,37
fourth,56
fourth,53
fourth,31
fourth,35
fourth,48
fourth,31
fourth,35
fourth,39
fourth,30
fourth,38
fourth,38
fourth,39
fourth,29
fourth,29
fourth,42
fourth,46
fourth,41
fourth,39
fourth,12
fourth,50
fourth,38
fourth,33
fourth,46
fourth,40
fourth,42
fourth,35
fourth,28
fourth,32
fourth,34
fourth,32
fourth,45
fourth,39
fourth,34
fourth,52
fourth,26
fourth,36
fourth,29
fourth,28
fourth,27
fourth,41
fourth,28
fourth,49
fourth,46
fourth,40
fourth,14
fourth,47
fourth,31
fourth,47
fourth,43
fourth,54
fourth,43
fourth,46
fourth,42
fourth,46
fourth,54
fourth,48
fourth,35
fourth,52
fourth,38
fourth,21
fourth,25
fourth,57
fourth,54
fourth,42
fourth,36
fourth,27
fourth,38
fourth,46
fourth,25
fourth,20
fourth,52
fourth,24
fourth,37
fourth,48
fourth,37
fourth,40
fourth,43
fourth,45
fourth,52
fourth,45
fourth,36
fourth,38
fourth,48
fourth,40
fourth,34
fourth,28
fourth,46
fourth,49
fourth,38
fourth,22
fourth,45
fourth,26
fourth,23
fourth,55
fourth,57
fourth,53
fourth,50
fourth,41
fourth,52
fourth,45
fourth,33
fourth,58
fourth,22
fourth,34
fourth,32
fourth,49
fourth,39
fourth,47
fourth,52
fourth,47
fourth,48
fourth,46
fourth,19
fourth,30
fourth,36
fourth,35
fourth,44
fourth,54
fourth,48
fourth,33
fourth,22
fourth,27
fourth,44
fourth,55
fourth,34
fourth,51
fourth,37
fourth,32
fourth,26
fourth,30
fourth,38
fourth,14
fourth,49
fourth,21
fourth,52
fourth,37
fourth,57
fourth,27
fourth,32
fourth,55
fourth,9
fourth,31
fourth,24
fourth,48
fourth,47
fourth,41
fourth,48
fourth,51
fourth,39
fourth,45
fourth,39
fourth,33
fourth,18
fourth,45
fourth,31
fourth,45
fourth,55
fourth,52
fourth,32
fourth,44
fourth,55
fourth,49
fourth,15
fourth,27
fourth,49
fourth,49
fourth,34
fourth,56
fourth,34
fourth,57
fourth,33
fourth,39
fourth,42
fourth,53
fourth,49
fourth,54
fourth,32
fourth,37
fourth,42
fourth,26
fourth,45
fourth,40
fourth,19
fourth,45
fourth,46
fourth,54
fourth,43
fourth,37
fourth,58
fourth,42
fourth,49
fourth,53
fourth,44
fourth,38
fourth,38
fourth,35
fourth,55
fourth,36
fourth,40
fourth,53
fourth,39
fourth,33
fourth,52
fourth,48
fourth,42
fourth,26
fourth,36
fourth,53
fourth,49
fourth,21
fourth,41
fourth,22
fourth,34
fourth,23
fourth,30
fourth,36
fourth,54
fourth,54
fourth,56
fourth,39
fourth,48
fourth,56
fourth,52
fourth,29
fourth,12
fourth,46
fourth,48
fourth,52
fourth,43
fourth,44
fourth,32
fourth,46
fourth,41
fourth,41
fourth,34
fourth,39
fourth,25
fourth,50
fourth,27
fourth,36
fourth,38
fourth,40
fourth,47
fourth,41
fourth,43
fourth,34
fourth,32
fourth,23
fourth,27
fourth,51
fourth,35
fourth,52
fourth,43
fourth,39
fourth,23
fourth,44
fourth,36
fourth,40
fourth,27
fourth,36
fourth,23
fourth,44
fourth,30
fourth,58
fourth,44
fourth,54
fourth,52
fourth,30
fourth,45
fourth,36
fourth,23
fourth,31
fourth,23
fourth,26
fourth,35
fourth,36
fourth,55
fourth,29
fourth,41
fourth,40
fourth,39
fourth,43
fourth,48
fourth,44
fourth,42
fourth,44
fourth,54
fourth,20
fourth,47
fourth,55
fourth,51
fourth,46
fourth,15
fourth,53
fourth,56
fourth,36
fourth,38
fourth,54
fourth,23
fourth,37
fourth,49
fourth,39
fourth,39
fourth,41
fourth,46
fourth,44
fourth,56
fourth,16
fourth,33
fourth,56
fourth,48
fourth,29
fourth,52
fourth,49
fourth,53
fourth,46
fourth,28
fourth,53
fourth,55
fourth,44
fourth,38
fourth,57
fourth,34
fourth,42
fourth,46
fourth,19
fourth,44
fourth,20
fourth,45
fourth,54
fourth,50
fourth,37
fourth,55
fourth,55
fourth,46
fourth,20
fourth,46
fourth,47
fourth,23
fourth,53
fourth,39
fourth,56
fourth,52
fourth,52
fourth,39
fourth,45
fourth,34
fourth,54
fourth,29
fourth,44
fourth,44
fourth,38
fourth,45
fourth,38
fourth,47
fourth,28
fourth,41
fourth,51
fourth,31
fourth,51
fourth,52
fourth,41
fourth,39
fourth,43
fourth,35
fourth,45
fourth,57
fourth,28
fourth,39
fourth,51
fourth,58
fourth,40
fourth,39
fourth,51
fourth,39
fourth,30
fourth,52
fourth,38
fourth,43
fourth,37
fourth,46
fourth,27
fourth,51
fourth,27
fourth,52
fourth,32
fourth,50
fourth,32
fourth,27
fourth,53
fourth,47
fourth,54
fourth,49
fourth,28
fourth,48
fourth,50
fourth,41
fourth,57
fourth,28
fourth,47
fourth,51
fourth,38
fourth,40
fourth,50
fourth,32
fourth,23
fourth,50
fourth,29
fourth,57
fourth,41
fourth,46
fourth,38
fourth,41
fourth,36
fourth,45
fourth,41
fourth,46
fourth,51
fourth,42
fourth,49
fourth,42
fourth,40
fourth,43
fourth,47
fourth,29
fourth,32
fourth,44
fourth,48
fourth,36
fourth,45
fourth,49
fourth,53
fourth,55
fourth,43
fourth,56
fourth,19
fourth,28
fourth,27
fourth,48
fourth,41
fourth,40
fourth,42
fourth,51
fourth,21
fourth,39
fourth,37
fourth,23
fourth,48
fourth,42
fourth,56
fourth,53
fourth,49
fourth,47
fourth,45
fourth,56
fourth,23
fourth,40
fourth,33
fourth,38
fourth,47
fourth,20
fourth,50
fourth,46
fourth,33
fourth,32
fourth,19
fourth,41
fourth,31
fourth,12
fourth,47
fourth,32
fourth,53
fourth,54
fourth,51
fourth,40
fourth,34
fourth,45
fourth,36
fourth,53
fourth,20
fourth,39
fourth,16
fourth,34
fourth,42
fourth,41
fourth,36
fourth,52
fourth,35
fourth,52
fourth,39
fourth,34
fourth,36
fourth,51
fourth,33
fourth,40
fourth,32
fourth,31
fourth,22
fourth,47
fourth,50
fourth,23
fourth,31
fourth,37
fourth,41
fourth,25
fourth,46
fourth,51
fourth,37
fourth,38
fourth,28
fourth,48
fourth,52
fourth,47
fourth,38
fourth,47
fourth,50
fourth,29
fourth,35
fourth,32
fourth,48
fourth,39
fourth,28
fourth,13
fourth,47
fourth,55
fourth,28
fourth,53
fourth,41
fourth,47
fourth,49
fourth,28
fourth,56
fourth,49
fourth,41
fourth,38
fourth,52
fourth,44
fourth,52
fourth,45
fourth,44
fourth,39
fourth,44
fourth,48
fourth,31
fourth,41
fourth,41
fourth,45
fourth,53
fourth,50
fourth,41
fourth,26
fourth,40
fourth,37
fourth,54
fourth,37
fourth,61
fourth,40
fourth,21
fourth,38
fourth,39
fourth,56
fourth,37
fourth,34
fourth,27
fourth,66
fourth,64
fourth,38
fourth,44
fourth,38
fourth,51
fourth,43
fourth,65
fourth,55
fourth,49
fourth,54
fourth,59
fourth,54
fourth,67
fourth,59
fourth,59
fourth,34
fourth,36
fourth,54
fourth,29
fourth,65
fourth,55
fourth,39
fourth,60
fourth,56
fourth,46
fourth,51
fourth,48
fourth,52
fourth,33
fourth,47
fourth,40
fourth,61
fourth,46
fourth,45
fourth,58
fourth,55
fourth,62
fourth,44
fourth,17
fourth,47
fourth,66
fourth,58
fourth,45
fourth,39
fourth,59
fourth,42
fourth,53
fourth,41
fourth,57
fourth,44
fourth,35
fourth,43
fourth,44
fourth,50
fourth,57
fourth,57
fourth,46
fourth,35
fourth,51
fourth,52
fourth,59
fourth,38
fourth,63
fourth,64
fourth,38
fourth,57
fourth,56
fourth,50
fourth,50
fourth,53
fourth,53
fourth,42
fourth,51
fourth,34
fourth,48
fourth,55
fourth,62
fourth,33
fourth,48
fourth,33
fourth,33
fourth,60
fourth,21
fourth,30
fourth,51
fourth,46
fourth,55
fourth,36
fourth,47
fourth,49
fourth,54
fourth,61
fourth,62
fourth,39
fourth,47
fourth,51
fourth,41
fourth,49
fourth,42
fourth,33
fourth,45
fourth,35
fourth,48
fourth,47
fourth,61
fourth,52
fourth,59
fourth,51
fourth,44
fourth,35
fourth,48
fourth,63
fourth,38
fourth,59
fourth,58
fourth,31
fourth,58
fourth,46
fourth,47
fourth,31
fourth,63
fourth,62
fourth,59
fourth,55
fourth,49
fourth,39
fourth,62
fourth,44
fourth,39
fourth,63
fourth,28
fourth,52
fourth,63
fourth,45
fourth,36
fourth,64
fourth,52
fourth,39
fourth,42
fourth,61
fourth,68
fourth,57
fourth,52
fourth,44
fourth,62
fourth,53
fourth,44
fourth,42
fourth,45
fourth,63
fourth,48
fourth,27
fourth,30
fourth,58
fourth,59
fourth,31
fourth,62
fourth,46
fourth,37
fourth,47
fourth,32
fourth,50
fourth,49
fourth,59
fourth,39
fourth,55
fourth,58
fourth,36
fourth,57
fourth,56
fourth,57
fourth,61
fourth,43
fourth,50
fourth,50
fourth,16
fourth,55
fourth,37
fourth,60
fourth,61
fourth,24
fourth,65
fourth,55
fourth,33
fourth,68
fourth,34
fourth,22
fourth,51
fourth,46
fourth,45
fourth,24
fourth,33
fourth,33
fourth,65
fourth,55
fourth,37
fourth,60
fourth,17
fourth,42
fourth,58
fourth,46
fourth,27
fourth,55
fourth,45
fourth,46
fourth,46
fourth,39
fourth,35
fourth,56
fourth,30
fourth,57
fourth,54
fourth,53
fourth,63
fourth,51
fourth,39
fourth,50
fourth,48
fifth,62
fifth,67
fifth,47
fifth,56
fifth,50
fifth,58
fifth,44
fifth,56
fifth,65
fifth,53
fifth,55
fifth,49
fifth,58
fifth,63
fifth,45
fifth,52
fifth,69
fifth,65
fifth,51
fifth,46
fifth,53
fifth,48
fifth,69
fifth,67
fifth,52
fifth,53
fifth,53
fifth,65
fifth,67
fifth,66
fifth,46
fifth,49
fifth,67
fifth,69
fifth,28
fifth,52
fifth,61
fifth,66
fifth,65
fifth,67
fifth,68
fifth,46
fifth,58
fifth,65
fifth,52
fifth,55
fifth,58
fifth,53
fifth,61
fifth,62
fifth,61
fifth,38
fifth,65
fifth,68
fifth,53
fifth,66
fifth,53
fifth,61
fifth,49
fifth,67
fifth,61
fifth,59
fifth,57
fifth,53
fifth,67
fifth,64
fifth,47
fifth,69
fifth,43
fifth,58
fifth,66
fifth,58
fifth,56
fifth,37
fifth,51
fifth,65
fifth,48
fifth,45
fifth,62
fifth,55
fifth,59
fifth,69
fifth,64
fifth,62
fifth,61
fifth,63
fifth,62
fifth,46
fifth,67
fifth,68
fifth,65
fifth,54
fifth,69
fifth,64
fifth,60
fifth,68
fifth,23
fifth,50
fifth,42
fifth,57
fifth,65
fifth,65
fifth,68
fifth,67
fifth,57
fifth,69
fifth,63
fifth,41
fifth,47
fifth,54
fifth,43
fifth,60
fifth,66
fifth,42
fifth,69
fifth,63
fifth,32
fifth,67
fifth,62
fifth,68
fifth,51
fifth,47
fifth,62
fifth,56
fifth,46
fifth,68
fifth,66
fifth,57
fifth,60
fifth,60
fifth,67
fifth,67
fifth,68
fifth,68
fifth,59
fifth,56
fifth,54
fifth,62
fifth,60
fifth,46
fifth,67
fifth,68
fifth,64
fifth,63
fifth,66
fifth,61
fifth,68
fifth,55
fifth,66
fifth,57
fifth,63
fifth,66
fifth,60
fifth,64
fifth,58
fifth,67
fifth,59
fifth,69
fifth,65
fifth,67
fifth,65
fifth,65
fifth,54
fifth,53
fifth,55
fifth,53
fifth,68
fifth,51
fifth,67
fifth,57
fifth,56
fifth,59
fifth,57
fifth,56
fifth,47
fifth,32
fifth,60
fifth,69
fifth,59
fifth,59
fifth,68
fifth,67
fifth,61
fifth,56
fifth,69
fifth,68
fifth,68
fifth,68
fifth,65
fifth,61
fifth,62
fifth,54
fifth,66
fifth,38
fifth,49
fifth,57
fifth,60
fifth,38
fifth,52
fifth,61
fifth,66
fifth,57
fifth,67
fifth,68
fifth,40
fifth,66
fifth,61
fifth,66
fifth,62
fifth,65
fifth,65
fifth,66
fifth,49
fifth,67
fifth,60
fifth,49
fifth,68
fifth,62
fifth,66
fifth,63
fifth,67
fifth,69
fifth,59
fifth,46
fifth,68
fifth,59
fifth,32
fifth,52
fifth,64
fifth,69
fifth,39
fifth,63
fifth,65
fifth,54
fifth,32
fifth,50
fifth,66
fifth,61
fifth,58
fifth,59
fifth,69
fifth,56
fifth,62
fifth,67
fifth,59
fifth,43
fifth,55
fifth,64
fifth,61
fifth,38
fifth,58
fifth,69
fifth,58
fifth,55
fifth,68
fifth,69
fifth,57
fifth,50
fifth,65
fifth,47
fifth,27
fifth,56
fifth,69
fifth,69
fifth,65
fifth,60
fifth,67
fifth,66
fifth,64
fifth,50
fifth,69
fifth,51
fifth,34
fifth,64
fifth,33
fifth,60
fifth,66
fifth,67
fifth,63
fifth,69
fifth,67
fifth,48
fifth,68
fifth,63
fifth,58
fifth,58
fifth,65
fifth,64
fifth,68
fifth,36
fifth,67
fifth,47
fifth,64
fifth,44
fifth,61
fifth,63
fifth,56
fifth,56
fifth,65
fifth,55
fifth,36
fifth,56
fifth,64
fifth,68
fifth,49
fifth,64
fifth,56
fifth,51
fifth,56
fifth,69
fifth,61
fifth,50
fifth,50
fifth,64
fifth,69
fifth,23
fifth,62
fifth,67
fifth,39
fifth,64
fifth,61
fifth,53
fifth,56
fifth,61
fifth,66
fifth,68
fifth,69
fifth,51
fifth,40
fifth,69
fifth,63
fifth,36
fifth,62
fifth,69
fifth,59
fifth,47
fifth,53
fifth,59
fifth,54
fifth,64
fifth,58
fifth,57
fifth,69
fifth,50
fifth,33
fifth,42
fifth,58
fifth,60
fifth,44
fifth,69
fifth,63
fifth,58
fifth,60
fifth,62
fifth,58
fifth,63
fifth,54
fifth,61
fifth,39
fifth,50
fifth,56
fifth,34
fifth,51
fifth,44
fifth,66
fifth,57
fifth,69
fifth,69
fifth,69
fifth,69
fifth,65
fifth,66
fifth,64
fifth,25
fifth,57
fifth,68
fifth,31
fifth,63
fifth,59
fifth,67
fifth,62
fifth,69
fifth,66
fifth,26
fifth,68
fifth,64
fifth,49
fifth,62
fifth,45
fifth,69
fifth,48
fifth,69
fifth,60
fifth,63
fifth,66
fifth,61
fifth,59
fifth,68
fifth,53
fifth,68
fifth,58
fifth,68
fifth,62
fifth,63
fifth,69
fifth,54
fifth,60
fifth,67
fifth,62
fifth,54
fifth,48
fifth,68
fifth,62
fifth,59
fifth,66
fifth,62
fifth,51
fifth,63
fifth,52
fifth,61
fifth,68
fifth,60
fifth,54
fifth,65
fifth,62
fifth,48
fifth,42
fifth,67
fifth,53
fifth,57
fifth,59
fifth,63
fifth,55
fifth,65
fifth,61
fifth,33
fifth,42
fifth,64
fifth,66
fifth,52
fifth,64
fifth,69
fifth,68
fifth,67
fifth,58
fifth,69
fifth,43
fifth,63
fifth,42
fifth,67
fifth,58
fifth,52
fifth,68
fifth,48
fifth,66
fifth,66
fifth,64
fifth,33
fifth,45
fifth,44
fifth,61
fifth,61
fifth,65
fifth,52
fifth,54
fifth,69
fifth,61
fifth,48
fifth,56
fifth,56
fifth,63
fifth,67
fifth,44
fifth,68
fifth,60
fifth,64
fifth,62
fifth,41
fifth,69
fifth,62
fifth,31
fifth,68
fifth,55
fifth,67
fifth,61
fifth,63
fifth,65
fifth,68
fifth,52
fifth,69
fifth,67
fifth,52
fifth,67
fifth,32
fifth,68
fifth,39
fifth,66
fifth,62
fifth,57
fifth,64
fifth,66
fifth,63
fifth,64
fifth,69
fifth,52
fifth,63
fifth,33
fifth,58
fifth,69
fifth,64
fifth,69
fifth,59
fifth,64
fifth,32
fifth,67
fifth,65
fifth,69
fifth,66
fifth,69
fifth,34
fifth,64
fifth,62
fifth,62
fifth,51
fifth,64
fifth,61
fifth,65
fifth,61
fifth,63
fifth,68
fifth,49
fifth,60
fifth,50
fifth,62
fifth,68
fifth,69
fifth,62
fifth,53
fifth,67
fifth,54
fifth,40
fifth,36
fifth,62
fifth,52
fifth,67
fifth,43
fifth,67
fifth,69
fifth,69
fifth,64
fifth,34
fifth,57
fifth,63
fifth,42
fifth,61
fifth,65
fifth,67
fifth,68
fifth,55
fifth,62
fifth,56
fifth,68
fifth,64
fifth,67
fifth,69
fifth,57
fifth,69
fifth,66
fifth,64
fifth,53
fifth,65
fifth,68
fifth,63
fifth,64
fifth,57
fifth,69
fifth,40
fifth,68
fifth,52
fifth,46
fifth,59
fifth,57
fifth,58
fifth,48
fifth,39
fifth,35
fifth,51
fifth,45
fifth,56
fifth,29
fifth,56
fifth,55
fifth,50
fifth,52
fifth,52
fifth,54
fifth,42
fifth,57
fifth,52
fifth,44
fifth,57
fifth,55
fifth,50
fifth,54
fifth,30
fifth,24
fifth,41
fifth,49
fifth,32
fifth,57
fifth,54
fifth,54
fifth,53
fifth,43
fifth,40
fifth,57
fifth,59
fifth,43
fifth,44
fifth,52
fifth,47
fifth,58
fifth,41
fifth,31
fifth,51
fifth,45
fifth,53
fifth,31
fifth,40
fifth,58
fifth,58
fifth,54
fifth,44
fifth,38
fifth,54
fifth,42
fifth,47
fifth,47
fifth,44
fifth,50
fifth,50
fifth,46
fifth,39
fifth,51
fifth,49
fifth,51
fifth,54
fifth,58
fifth,56
fifth,50
fifth,49
fifth,33
fifth,57
fifth,36
fifth,53
fifth,29
fifth,59
fifth,55
fifth,53
fifth,36
fifth,50
fifth,56
fifth,48
fifth,55
fifth,55
fifth,49
fifth,54
fifth,48
fifth,54
fifth,57
fifth,51
fifth,51
fifth,55
fifth,54
fifth,42
fifth,38
fifth,59
fifth,57
fifth,50
fifth,54
fifth,28
fifth,39
fifth,50
fifth,33
fifth,45
fifth,54
fifth,41
fifth,39
fifth,50
fifth,53
fifth,43
fifth,50
fifth,51
fifth,59
fifth,46
fifth,52
fifth,40
fifth,59
fifth,52
fifth,51
fifth,49
fifth,47
fifth,53
fifth,39
fifth,31
fifth,53
fifth,32
fifth,51
fifth,57
fifth,58
fifth,58
fifth,53
fifth,54
fifth,59
fifth,54
fifth,49
fifth,59
fifth,49
fifth,48
fifth,59
fifth,55
fifth,58
fifth,49
fifth,55
fifth,55
fifth,49
fifth,49
fifth,50
fifth,33
fifth,48
fifth,51
fifth,59
fifth,55
fifth,49
fifth,34
fifth,53
fifth,38
fifth,59
fifth,58
fifth,43
fifth,58
fifth,54
fifth,41
fifth,54
fifth,47
fifth,42
fifth,54
fifth,54
fifth,23
fifth,57
fifth,54
fifth,59
fifth,38
fifth,47
fifth,57
fifth,55
fifth,38
fifth,29
fifth,54
fifth,58
fifth,58
fifth,52
fifth,56
fifth,56
fifth,51
fifth,40
fifth,41
fifth,19
fifth,48
fifth,44
fifth,57
fifth,57
fifth,55
fifth,45
fifth,59
fifth,56
fifth,56
fifth,49
fifth,40
fifth,54
fifth,56
fifth,47
fifth,57
fifth,42
fifth,58
fifth,38
fifth,40
fifth,51
fifth,54
fifth,53
fifth,58
fifth,35
fifth,44
fifth,52
fifth,45
fifth,47
fifth,56
fifth,32
fifth,59
fifth,48
fifth,56
fifth,51
fifth,58
fifth,59
fifth,45
fifth,59
fifth,58
fifth,54
fifth,58
fifth,42
fifth,37
fifth,59
fifth,52
fifth,51
fifth,56
fifth,46
fifth,57
fifth,57
fifth,55
fifth,55
fifth,32
fifth,55
fifth,59
fifth,57
fifth,27
fifth,57
fifth,52
fifth,41
fifth,43
fifth,57
fifth,40
fifth,55
fifth,55
fifth,59
fifth,48
fifth,58
fifth,57
fifth,53
fifth,39
fifth,35
fifth,55
fifth,52
fifth,53
fifth,54
fifth,53
fifth,38
fifth,52
fifth,45
fifth,56
fifth,48
fifth,41
fifth,32
fifth,58
fifth,43
fifth,58
fifth,41
fifth,41
fifth,52
fifth,49
fifth,45
fifth,38
fifth,51
fifth,47
fifth,59
fifth,54
fifth,53
fifth,55
fifth,54
fifth,44
fifth,30
fifth,55
fifth,44
fifth,53
fifth,38
fifth,46
fifth,29
fifth,50
fifth,39
fifth,59
fifth,58
fifth,55
fifth,58
fifth,54
fifth,48
fifth,56
fifth,50
fifth,44
fifth,42
fifth,49
fifth,43
fifth,59
fifth,59
fifth,57
fifth,42
fifth,42
fifth,50
fifth,48
fifth,56
fifth,48
fifth,51
fifth,49
fifth,56
fifth,49
fifth,55
fifth,59
fifth,56
fifth,51
fifth,28
fifth,55
fifth,58
fifth,50
fifth,46
fifth,56
fifth,57
fifth,46
fifth,55
fifth,59
fifth,56
fifth,44
fifth,58
fifth,53
fifth,57
fifth,27
fifth,57
fifth,57
fifth,59
fifth,45
fifth,56
fifth,59
fifth,59
fifth,51
fifth,43
fifth,58
fifth,56
fifth,59
fifth,50
fifth,58
fifth,43
fifth,51
fifth,49
fifth,24
fifth,47
fifth,30
fifth,49
fifth,58
fifth,58
fifth,47
fifth,56
fifth,58
fifth,59
fifth,41
fifth,47
fifth,49
fifth,26
fifth,54
fifth,51
fifth,59
fifth,56
fifth,57
fifth,51
fifth,56
fifth,59
fifth,59
fifth,47
fifth,45
fifth,50
fifth,41
fifth,47
fifth,39
fifth,50
fifth,40
fifth,45
fifth,52
fifth,54
fifth,59
fifth,56
fifth,59
fifth,40
fifth,45
fifth,47
fifth,55
fifth,59
fifth,30
fifth,51
fifth,56
fifth,59
fifth,43
fifth,46
fifth,56
fifth,55
fifth,58
fifth,58
fifth,43
fifth,47
fifth,45
fifth,54
fifth,43
fifth,53
fifth,44
fifth,55
fifth,43
fifth,59
fifth,53
fifth,54
fifth,54
fifth,57
fifth,58
fifth,53
fifth,47
fifth,52
fifth,58
fifth,46
fifth,59
fifth,49
fifth,55
fifth,59
fifth,48
fifth,42
fifth,54
fifth,54
fifth,31
fifth,55
fifth,51
fifth,59
fifth,57
fifth,59
fifth,41
fifth,43
fifth,50
fifth,53
fifth,58
fifth,56
fifth,55
fifth,50
fifth,50
fifth,49
fifth,44
fifth,45
fifth,55
fifth,41
fifth,41
fifth,55
fifth,58
fifth,43
fifth,55
fifth,50
fifth,56
fifth,56
fifth,45
fifth,58
fifth,33
fifth,32
fifth,46
fifth,53
fifth,47
fifth,48
fifth,48
fifth,58
fifth,45
fifth,49
fifth,42
fifth,48
fifth,52
fifth,51
fifth,59
fifth,57
fifth,52
fifth,58
fifth,51
fifth,59
fifth,37
fifth,48
fifth,52
fifth,40
fifth,54
fifth,37
fifth,52
fifth,47
fifth,43
fifth,45
fifth,20
fifth,58
fifth,42
fifth,20
fifth,54
fifth,37
fifth,57
fifth,59
fifth,54
fifth,44
fifth,38
fifth,50
fifth,49
fifth,59
fifth,46
fifth,59
fifth,28
fifth,46
fifth,49
fifth,46
fifth,47
fifth,55
fifth,42
fifth,55
fifth,44
fifth,43
fifth,59
fifth,57
fifth,42
fifth,51
fifth,56
fifth,36
fifth,27
fifth,55
fifth,58
fifth,52
fifth,52
fifth,53
fifth,57
fifth,27
fifth,59
fifth,58
fifth,45
fifth,42
fifth,56
fifth,56
fifth,53
fifth,48
fifth,57
fifth,48
fifth,54
fifth,36
fifth,38
fifth,49
fifth,59
fifth,43
fifth,41
fifth,20
fifth,57
fifth,58
fifth,36
fifth,58
fifth,57
fifth,57
fifth,58
fifth,44
fifth,57
fifth,55
fifth,49
fifth,52
fifth,58
fifth,52
fifth,59
fifth,54
fifth,52
fifth,49
fifth,45
fifth,55
fifth,36
fifth,50
fifth,59
fifth,49
fifth,58
fifth,57
fifth,54
fifth,36
fifth,51
fifth,38
fifth,59
fifth,52
fifth,63
fifth,63
fifth,26
fifth,54
fifth,69
fifth,69
fifth,40
fifth,62
fifth,46
fifth,67
fifth,69
fifth,41
fifth,50
fifth,39
fifth,63
fifth,60
fifth,66
fifth,65
fifth,57
fifth,62
fifth,62
fifth,66
fifth,68
fifth,67
fifth,60
fifth,47
fifth,58
fifth,60
fifth,30
fifth,67
fifth,61
fifth,59
fifth,61
fifth,59
fifth,59
fifth,61
fifth,51
fifth,54
fifth,54
fifth,61
fifth,49
fifth,63
fifth,62
fifth,57
fifth,60
fifth,63
fifth,63
fifth,60
fifth,32
fifth,52
fifth,69
fifth,64
fifth,62
fifth,65
fifth,60
fifth,48
fifth,63
fifth,43
fifth,63
fifth,58
fifth,51
fifth,56
fifth,45
fifth,57
fifth,64
fifth,62
fifth,48
fifth,45
fifth,53
fifth,60
fifth,69
fifth,67
fifth,65
fifth,66
fifth,47
fifth,63
fifth,67
fifth,59
fifth,69
fifth,64
fifth,59
fifth,59
fifth,61
fifth,66
fifth,68
fifth,58
fifth,64
fifth,39
fifth,50
fifth,48
fifth,46
fifth,65
fifth,27
fifth,33
fifth,59
fifth,65
fifth,61
fifth,67
fifth,53
fifth,69
fifth,65
fifth,69
fifth,63
fifth,61
fifth,65
fifth,63
fifth,62
fifth,55
fifth,48
fifth,42
fifth,69
fifth,64
fifth,64
fifth,55
fifth,63
fifth,63
fifth,67
fifth,67
fifth,49
fifth,58
fifth,52
fifth,65
fifth,48
fifth,61
fifth,62
fifth,37
fifth,59
fifth,69
fifth,64
fifth,34
fifth,68
fifth,65
fifth,62
fifth,56
fifth,56
fifth,61
fifth,68
fifth,63
fifth,44
fifth,69
fifth,67
fifth,56
fifth,69
fifth,52
fifth,64
fifth,65
fifth,58
fifth,42
fifth,57
fifth,66
fifth,69
fifth,63
fifth,60
fifth,46
fifth,64
fifth,69
fifth,51
fifth,51
fifth,58
fifth,69
fifth,56
fifth,32
fifth,37
fifth,63
fifth,62
fifth,56
fifth,69
fifth,52
fifth,52
fifth,63
fifth,57
fifth,58
fifth,65
fifth,62
fifth,65
fifth,57
fifth,68
fifth,65
fifth,66
fifth,68
fifth,58
fifth,68
fifth,62
fifth,63
fifth,55
fifth,66
fifth,67
fifth,44
fifth,65
fifth,69
fifth,28
fifth,69
fifth,64
fifth,36
fifth,69
fifth,66
fifth,52
fifth,61
fifth,67
fifth,54
fifth,29
fifth,59
fifth,67
fifth,69
fifth,63
fifth,62
fifth,68
fifth,22
fifth,59
fifth,62
fifth,60
fifth,42
fifth,60
fifth,54
fifth,56
fifth,57
fifth,59
fifth,60
fifth,69
fifth,56
fifth,58
fifth,67
fifth,56
fifth,64
fifth,67
fifth,66
fifth,51
fifth,50
pow,24
pow,18
pow,20
pow,19
pow,18
pow,5
pow,23
pow,26
pow,6
pow,13
pow,24
pow,14
pow,18
pow,13
pow,20
pow,5
pow,11
pow,26
pow,18
pow,4
pow,10
pow,4
pow,20
pow,7
pow,13
pow,6
pow,18
pow,14
pow,5
pow,3
pow,13
pow,14
pow,2
pow,22
pow,14
pow,9
pow,4
pow,5
pow,8
pow,7
pow,20
pow,1
pow,4
pow,21
pow,18
pow,16
pow,18
pow,18
pow,2
pow,19
pow,4
pow,18
pow,6
pow,24
pow,5
pow,16
pow,3
pow,14
pow,25
pow,6
pow,22
pow,1
pow,14
pow,1
pow,4
pow,21
pow,7
pow,18
pow,10
pow,2
pow,14
pow,23
pow,3
pow,21
pow,24
pow,24
pow,24
pow,26
pow,18
pow,14
pow,9
pow,4
pow,4
pow,5
pow,6
pow,18
pow,8
pow,23
pow,5
pow,10
pow,5
pow,18
pow,18
pow,17
pow,14
pow,21
pow,16
pow,9
pow,11
pow,20
pow,19
pow,20
pow,24
pow,20
pow,18
pow,24
pow,19
pow,2
pow,17
pow,5
pow,4
pow,16
pow,11
pow,16
pow,13
pow,8
pow,8
pow,2
pow,23
pow,14
pow,13
pow,24
pow,11
pow,19
pow,3
pow,25
pow,6
pow,2
pow,13
pow,2
pow,18
pow,8
pow,18
pow,19
pow,3
pow,22
pow,7
pow,26
pow,18
pow,20
pow,14
pow,9
pow,19
pow,10
pow,25
pow,14
pow,18
pow,21
pow,23
pow,12
pow,26
pow,11
pow,25
pow,17
pow,22
pow,21
pow,4
pow,23
pow,12
pow,3
pow,23
pow,2
pow,4
pow,7
pow,4
pow,25
pow,22
pow,15
pow,11
pow,3
pow,6
pow,2
pow,18
pow,14
pow,1
pow,21
pow,20
pow,10
pow,3
pow,3
pow,13
pow,6
pow,6
pow,13
pow,19
pow,10
pow,21
pow,3
pow,1
pow,25
pow,8
pow,24
pow,21
pow,1
pow,14
pow,13
pow,18
pow,8
pow,8
pow,7
pow,2
pow,3
pow,26
pow,4
pow,26
pow,3
pow,2
pow,17
pow,6
pow,4
pow,1
pow,15
pow,10
pow,6
pow,8
pow,18
pow,4
pow,12
pow,5
pow,21
pow,11
pow,14
pow,14
pow,23
pow,21
pow,23
pow,13
pow,2
pow,1
pow,26
pow,25
pow,21
pow,13
pow,6
pow,10
pow,24
pow,20
pow,1
pow,24
pow,22
pow,19
pow,12
pow,25
pow,24
pow,26
pow,16
pow,17
pow,26
pow,10
pow,11
pow,26
pow,21
pow,18
pow,18
pow,5
pow,23
pow,24
pow,25
pow,11
pow,20
pow,4
pow,22
pow,23
pow,15
pow,15
pow,7
pow,15
pow,3
pow,22
pow,8
pow,18
pow,11
pow,3
pow,24
pow,21
pow,13
pow,9
pow,12
pow,8
pow,13
pow,16
pow,16
pow,24
pow,17
pow,2
pow,26
pow,13
pow,26
pow,1
pow,12
pow,11
pow,7
pow,22
pow,10
pow,24
pow,15
pow,25
pow,13
pow,9
pow,1
pow,14
pow,14
pow,7
pow,20
pow,21
pow,7
pow,25
pow,19
pow,14
pow,19
pow,17
pow,6
pow,8
pow,12
pow,19
pow,9
pow,15
pow,18
pow,20
pow,24
pow,21
pow,21
pow,24
pow,25
pow,7
pow,9
pow,22
pow,18
pow,5
pow,16
pow,6
pow,8
pow,2
pow,26
pow,20
pow,10
pow,6
pow,22
pow,7
pow,21
pow,3
pow,21
pow,24
pow,4
pow,26
pow,12
pow,24
pow,3
pow,25
pow,20
pow,11
pow,7
pow,6
pow,9
pow,6
pow,16
pow,4
pow,13
pow,26
pow,25
pow,18
pow,22
pow,13
pow,1
pow,10
pow,8
pow,4
pow,8
pow,11
pow,23
pow,7
pow,24
pow,15
pow,22
pow,19
pow,26
pow,24
pow,19
pow,22
pow,17
pow,26
pow,7
pow,15
pow,4
pow,13
pow,4
pow,19
pow,9
pow,11
pow,18
pow,12
pow,12
pow,9
pow,4
pow,17
pow,9
pow,26
pow,21
pow,16
pow,8
pow,10
pow,13
pow,21
pow,24
pow,13
pow,25
pow,6
pow,9
pow,15
pow,3
pow,9
pow,19
pow,8
pow,21
pow,9
pow,5
pow,26
pow,6
pow,15
pow,13
pow,24
pow,15
pow,13
pow,1
pow,11
pow,16
pow,9
pow,5
pow,16
pow,11
pow,4
pow,19
pow,17
pow,19
pow,2
pow,20
pow,19
pow,2
pow,5
pow,25
pow,10
pow,17
pow,22
pow,2
pow,12
pow,13
pow,24
pow,10
pow,4
pow,9
pow,4
pow,21
pow,3
pow,10
pow,15
pow,15
pow,20
pow,22
pow,7
pow,16
pow,3
pow,21
pow,7
pow,24
pow,2
pow,8
pow,5
pow,23
pow,24
pow,22
pow,23
pow,20
pow,16
pow,9
pow,15
pow,1
pow,1
pow,22
pow,17
pow,14
pow,14
pow,8
pow,21
pow,25
pow,12
pow,20
pow,16
pow,24
pow,8
pow,6
pow,12
pow,12
pow,2
pow,5
pow,24
pow,11
pow,5
pow,26
pow,10
pow,12
pow,18
pow,4
pow,6
pow,25
pow,17
pow,11
pow,10
pow,7
pow,20
pow,17
pow,12
pow,12
pow,15
pow,26
pow,11
pow,9
pow,23
pow,9
pow,3
pow,14
pow,17
pow,13
pow,8
pow,3
pow,22
pow,9
pow,25
pow,3
pow,19
pow,6
pow,25
pow,3
pow,21
pow,23
pow,3
pow,19
pow,6
pow,18
pow,5
pow,25
pow,25
pow,20
pow,5
pow,8
pow,23
pow,18
pow,21
pow,19
pow,24
pow,6
pow,10
pow,13
pow,17
pow,10
pow,22
pow,20
pow,25
pow,10
pow,6
pow,22
pow,1
pow,13
pow,9
pow,2
pow,21
pow,21
pow,6
pow,5
pow,18
pow,15
pow,17
pow,7
pow,10
pow,2
pow,11
pow,19
pow,1
pow,1
pow,9
pow,4
pow,17
pow,5
pow,5
pow,24
pow,7
pow,27
pow,8
pow,19
pow,16
pow,16
pow,12
pow,7
pow,7
pow,24
pow,28
pow,15
pow,19
pow,15
pow,35
pow,2
pow,11
pow,33
pow,11
pow,3
pow,18
pow,21
pow,25
pow,27
pow,7
pow,15
pow,7
pow,29
pow,25
pow,15
pow,11
pow,22
pow,23
pow,16
pow,25
pow,32
pow,7
pow,17
pow,30
pow,33
pow,6
pow,12
pow,18
pow,17
pow,30
pow,12
pow,29
pow,28
pow,1
pow,17
pow,14
pow,7
pow,8
pow,18
pow,27
pow,33
pow,32
pow,12
pow,8
pow,26
pow,22
pow,28
pow,19
pow,33
pow,22
pow,34
pow,1
pow,10
pow,23
pow,9
pow,22
pow,19
pow,10
pow,25
pow,35
pow,15
pow,22
pow,5
pow,15
pow,33
pow,10
pow,14
pow,26
pow,27
pow,35
pow,35
pow,17
pow,28
pow,11
pow,15
pow,34
pow,17
pow,16
pow,12
pow,16
pow,19
pow,20
pow,28
pow,18
pow,31
pow,7
pow,13
pow,26
pow,16
pow,23
pow,27
pow,13
pow,18
pow,35
pow,27
pow,19
pow,31
pow,3
pow,9
pow,24
pow,24
pow,24
pow,29
pow,29
pow,16
pow,3
pow,9
pow,35
pow,26
pow,14
pow,11
pow,35
pow,35
pow,26
pow,7
pow,30
pow,23
pow,15
pow,24
pow,1
pow,25
pow,18
pow,31
pow,22
pow,33
pow,1
pow,34
pow,26
pow,32
pow,20
pow,12
pow,21
pow,8
pow,20
pow,29
pow,29
pow,24
pow,17
pow,21
pow,15
pow,14
pow,9
pow,10
pow,30
pow,19
pow,13
pow,2
pow,4
pow,34
pow,3
pow,1
pow,29
pow,24
pow,7
pow,20
pow,2
pow,29
pow,25
pow,25
pow,34
pow,22
pow,14
pow,23
pow,18
pow,32
pow,8
pow,1
pow,34
pow,27
pow,17
pow,25
pow,29
pow,17
pow,10
pow,7
pow,10
pow,9
pow,32
pow,22
pow,17
pow,10
pow,29
pow,13
pow,5
pow,28
pow,4
pow,18
pow,5
pow,17
pow,5
pow,23
pow,13
pow,19
pow,20
pow,33
pow,24
pow,11
pow,20
pow,13
pow,19
pow,23
pow,23
pow,20
pow,13
pow,32
pow,15
pow,5
pow,6
pow,7
pow,6
pow,17
pow,6
pow,27
pow,11
pow,4
pow,16
pow,33
pow,28
pow,17
pow,1
pow,32
pow,19
pow,32
pow,14
pow,2
pow,25
pow,26
pow,11
pow,32
pow,16
pow,27
pow,17
pow,18
pow,5
pow,2
pow,20
pow,28
pow,33
pow,20
pow,24
pow,3
pow,27
pow,16
pow,31
pow,15
pow,16
pow,29
pow,12
pow,1
pow,16
pow,21
pow,29
pow,17
pow,29
pow,29
pow,3
pow,12
pow,34
pow,16
pow,18
pow,9
pow,35
pow,35
pow,7
pow,26
pow,25
pow,20
pow,14
pow,4
pow,11
pow,3
pow,14
pow,28
pow,21
pow,12
pow,3
pow,6
pow,34
pow,26
pow,20
pow,13
pow,32
pow,20
pow,25
pow,5
pow,33
pow,4
pow,10
pow,35
pow,18
pow,28
pow,35
pow,10
pow,8
pow,10
pow,33
pow,23
pow,1
pow,6
pow,29
pow,29
pow,22
pow,28
pow,23
pow,19
pow,1
pow,21
pow,1
pow,12
pow,18
pow,4
pow,13
pow,16
pow,20
pow,3
pow,13
pow,23
pow,29
pow,33
pow,22
pow,6
pow,30
pow,14
pow,26
pow,18
pow,27
pow,27
pow,33
pow,14
pow,14
pow,32
pow,30
pow,2
pow,22
pow,1
pow,23
pow,29
pow,33
pow,29
pow,16
pow,29
pow,2
pow,2
pow,18
pow,6
pow,27
pow,33
pow,8
pow,6
pow,30
pow,24
pow,5
pow,12
pow,35
pow,14
pow,7
pow,32
pow,5
pow,11
pow,11
pow,33
pow,7
pow,35
pow,13
pow,5
pow,7
pow,28
pow,1
pow,25
pow,24
pow,2
pow,34
pow,14
pow,19
pow,18
pow,33
pow,19
pow,9
pow,37
pow,8
pow,22
pow,28
pow,25
pow,11
pow,28
pow,8
pow,12
pow,26
pow,36
pow,38
pow,6
pow,13
pow,2
pow,1
pow,18
pow,31
pow,17
pow,31
pow,8
pow,26
pow,13
pow,11
pow,5
pow,24
pow,13
pow,2
pow,29
pow,14
pow,39
pow,36
pow,37
pow,4
pow,38
pow,6
pow,11
pow,19
pow,33
pow,30
pow,17
pow,25
pow,8
pow,6
pow,8
pow,32
pow,26
pow,12
pow,12
pow,18
pow,29
pow,8
pow,29
pow,21
pow,31
pow,11
pow,23
pow,36
pow,16
pow,16
pow,31
pow,15
pow,24
pow,3
pow,5
pow,19
pow,27
pow,7
pow,39
pow,11
pow,15
pow,23
pow,37
pow,27
pow,9
pow,8
pow,9
pow,3
pow,8
pow,21
pow,6
pow,10
pow,29
pow,36
pow,24
pow,19
pow,30
pow,5
pow,36
pow,2
pow,6
pow,23
pow,32
pow,31
pow,27
pow,24
pow,7
pow,36
pow,30
pow,24
pow,12
pow,14
pow,18
pow,23
pow,16
pow,22
pow,2
pow,39
pow,4
pow,1
pow,5
pow,29
pow,10
pow,33
pow,33
pow,39
pow,15
pow,34
pow,17
pow,11
pow,2
pow,35
pow,24
pow,25
pow,30
pow,30
pow,15
pow,13
pow,34
pow,33
pow,20
pow,38
pow,19
pow,13
pow,23
pow,26
pow,39
pow,31
pow,29
pow,30
pow,36
pow,15
pow,2
pow,27
pow,25
pow,3
pow,6
pow,4
pow,4
pow,3
pow,27
pow,25
pow,10
pow,39
pow,6
pow,30
pow,5
pow,25
pow,38
pow,10
pow,32
pow,29
pow,27
pow,20
pow,38
pow,31
pow,11
pow,20
pow,24
pow,5
pow,20
pow,15
pow,20
pow,34
pow,33
pow,4
pow,12
pow,10
pow,7
pow,9
pow,8
pow,8
pow,1
pow,15
pow,23
pow,30
pow,12
pow,32
pow,15
pow,1
pow,34
pow,4
pow,24
pow,3
pow,1
pow,8
pow,17
pow,24
pow,4
pow,8
pow,16
pow,20
pow,19
pow,26
pow,10
pow,25
pow,20
pow,1
pow,17
pow,14
pow,24
pow,8
pow,3
pow,10
pow,3
pow,11
pow,10
pow,5
pow,4
pow,14
pow,23
pow,16
pow,18
pow,26
pow,4
pow,15
pow,24
pow,26
pow,8
pow,17
pow,1
pow,24
pow,21
pow,21
pow,21
pow,25
pow,11
pow,19
pow,5
pow,19
pow,12
pow,11
pow,1
pow,15
pow,1
pow,5
pow,24
pow,15
pow,3
pow,12
pow,5
pow,20
pow,24
pow,17
pow,19
pow,8
pow,26
pow,9
pow,8
pow,14
pow,9
pow,23
pow,1
pow,19
pow,22
pow,17
pow,10
pow,17
pow,24
pow,2
pow,6
pow,24
pow,10
pow,4
pow,15
pow,1
pow,2
pow,15
pow,2
pow,19
pow,11
pow,7
pow,22
pow,17
pow,13
pow,9
pow,24
pow,13
pow,22
pow,10
pow,17
pow,16
pow,16
pow,11
pow,14
pow,15
pow,24
pow,10
pow,26
pow,7
pow,17
pow,16
pow,11
pow,3
pow,18
pow,19
pow,19
pow,12
pow,13
pow,2
pow,10
pow,6
pow,17
pow,6
pow,16
pow,24
pow,6
pow,3
pow,11
pow,18
pow,6
pow,18
pow,4
pow,26
pow,26
pow,18
pow,14
pow,8
pow,10
pow,4
pow,1
pow,8
pow,23
pow,10
pow,5
pow,18
pow,9
pow,13
pow,17
pow,11
pow,26
pow,17
pow,15
pow,22
pow,2
pow,16
pow,4
pow,7
pow,5
pow,25
pow,7
pow,25
pow,13
pow,12
pow,4
pow,16
pow,14
pow,26
pow,4
pow,13
pow,24
pow,9
pow,2
pow,21
pow,5
pow,22
pow,12
pow,5
pow,26
pow,12
pow,16
pow,11
pow,3
pow,12
pow,19
pow,2
pow,5
pow,24
pow,7
pow,9
pow,22
pow,14
pow,18
pow,1
pow,9
pow,25
pow,20
pow,4
pow,25
pow,25
pow,1
pow,7
pow,7
pow,14
pow,20
pow,11
pow,26
pow,22
pow,6
pow,5
pow,11
pow,6
pow,15
pow,25
pow,10
pow,18
pow,16
pow,24
pow,23
pow,13
pow,23
pow,20
pow,7
pow,6
pow,21
pow,11
pow,10
pow,2
pow,25
pow,3
pow,20
